[{"model": "league.league", "pk": 3, "fields": {"name": "Premier League"}}, {"model": "league.league", "pk": 4, "fields": {"name": "La Liga"}}, {"model": "league.league", "pk": 5, "fields": {"name": "Serie A"}}, {"model": "league.league", "pk": 6, "fields": {"name": "Bundesliga"}}, {"model": "league.league", "pk": 7, "fields": {"name": "Ligue 1"}}, {"model": "league.team", "pk": 23, "fields": {"name": "Manchester United", "league": 3}}, {"model": "league.team", "pk": 24, "fields": {"name": "Liverpool", "league": 3}}, {"model": "league.team", "pk": 25, "fields": {"name": "Arsenal", "league": 3}}, {"model": "league.team", "pk": 26, "fields": {"name": "Nottingham Forest", "league": 3}}, {"model": "league.team", "pk": 27, "fields": {"name": "Chelsea", "league": 3}}, {"model": "league.team", "pk": 28, "fields": {"name": "Manchester City", "league": 3}}, {"model": "league.team", "pk": 29, "fields": {"name": "Newcastle United", "league": 3}}, {"model": "league.team", "pk": 30, "fields": {"name": "Brighton And Hove Albion", "league": 3}}, {"model": "league.team", "pk": 31, "fields": {"name": "Aston Villa", "league": 3}}, {"model": "league.team", "pk": 32, "fields": {"name": "Bournemouth", "league": 3}}, {"model": "league.team", "pk": 33, "fields": {"name": "Fulham", "league": 3}}, {"model": "league.team", "pk": 34, "fields": {"name": "Crystal Palace", "league": 3}}, {"model": "league.team", "pk": 35, "fields": {"name": "Brentford", "league": 3}}, {"model": "league.team", "pk": 36, "fields": {"name": "Tottenham Hotspur", "league": 3}}, {"model": "league.team", "pk": 37, "fields": {"name": "Everton", "league": 3}}, {"model": "league.team", "pk": 38, "fields": {"name": "West Ham United", "league": 3}}, {"model": "league.team", "pk": 39, "fields": {"name": "Wolverhampton Wanderers", "league": 3}}, {"model": "league.team", "pk": 40, "fields": {"name": "Ipswich Town", "league": 3}}, {"model": "league.team", "pk": 41, "fields": {"name": "Leicester City", "league": 3}}, {"model": "league.team", "pk": 42, "fields": {"name": "Southampton", "league": 3}}, {"model": "league.team", "pk": 43, "fields": {"name": "FC Barcelona", "league": 4}}, {"model": "league.team", "pk": 44, "fields": {"name": "Real Madrid", "league": 4}}, {"model": "league.team", "pk": 45, "fields": {"name": "Atletico De Madrid", "league": 4}}, {"model": "league.team", "pk": 46, "fields": {"name": "Athletic Club", "league": 4}}, {"model": "league.team", "pk": 47, "fields": {"name": "Villarreal CF", "league": 4}}, {"model": "league.team", "pk": 48, "fields": {"name": "Real Betis", "league": 4}}, {"model": "league.team", "pk": 49, "fields": {"name": "RCD Mallorca", "league": 4}}, {"model": "league.team", "pk": 50, "fields": {"name": "Rayo Vallecano", "league": 4}}, {"model": "league.team", "pk": 51, "fields": {"name": "RC Celta", "league": 4}}, {"model": "league.team", "pk": 52, "fields": {"name": "Sevilla FC", "league": 4}}, {"model": "league.team", "pk": 54, "fields": {"name": "Real Sociedad", "league": 4}}, {"model": "league.team", "pk": 55, "fields": {"name": "Getafe CF", "league": 4}}, {"model": "league.team", "pk": 56, "fields": {"name": "Girona FC", "league": 4}}, {"model": "league.team", "pk": 57, "fields": {"name": "CA Osasuna", "league": 4}}, {"model": "league.team", "pk": 58, "fields": {"name": "RCD Espanyol De Barcelona", "league": 4}}, {"model": "league.team", "pk": 59, "fields": {"name": "Valencia CF", "league": 4}}, {"model": "league.team", "pk": 60, "fields": {"name": "CD Leganes", "league": 4}}, {"model": "league.team", "pk": 61, "fields": {"name": "Deportivo Alaves", "league": 4}}, {"model": "league.team", "pk": 62, "fields": {"name": "UD Las Palmas", "league": 4}}, {"model": "league.team", "pk": 63, "fields": {"name": "Real Valladolid CF", "league": 4}}, {"model": "league.team", "pk": 64, "fields": {"name": "Inter Milan", "league": 5}}, {"model": "league.team", "pk": 65, "fields": {"name": "Napoli", "league": 5}}, {"model": "league.team", "pk": 66, "fields": {"name": "Atalanta", "league": 5}}, {"model": "league.team", "pk": 67, "fields": {"name": "Juventus", "league": 5}}, {"model": "league.team", "pk": 68, "fields": {"name": "Lazio", "league": 5}}, {"model": "league.team", "pk": 69, "fields": {"name": "Bologna", "league": 5}}, {"model": "league.team", "pk": 70, "fields": {"name": "Roma", "league": 5}}, {"model": "league.team", "pk": 71, "fields": {"name": "Forentina", "league": 5}}, {"model": "league.team", "pk": 72, "fields": {"name": "AC Milan", "league": 5}}, {"model": "league.team", "pk": 73, "fields": {"name": "Udinese", "league": 5}}, {"model": "league.team", "pk": 74, "fields": {"name": "Torino", "league": 5}}, {"model": "league.team", "pk": 75, "fields": {"name": "Genoa", "league": 5}}, {"model": "league.team", "pk": 76, "fields": {"name": "Como", "league": 5}}, {"model": "league.team", "pk": 77, "fields": {"name": "Cagliari", "league": 5}}, {"model": "league.team", "pk": 78, "fields": {"name": "Verona", "league": 5}}, {"model": "league.team", "pk": 79, "fields": {"name": "Lecce", "league": 5}}, {"model": "league.team", "pk": 80, "fields": {"name": "Parma", "league": 5}}, {"model": "league.team", "pk": 81, "fields": {"name": "Empoli", "league": 5}}, {"model": "league.team", "pk": 82, "fields": {"name": "Venezia", "league": 5}}, {"model": "league.team", "pk": 83, "fields": {"name": "Monza", "league": 5}}, {"model": "league.team", "pk": 84, "fields": {"name": "FC Bayern Munchen", "league": 6}}, {"model": "league.team", "pk": 85, "fields": {"name": "Bayer 04 Leverkusen", "league": 6}}, {"model": "league.team", "pk": 86, "fields": {"name": "FSV Mainz 05", "league": 6}}, {"model": "league.team", "pk": 87, "fields": {"name": "Eintracht Frankfurt", "league": 6}}, {"model": "league.team", "pk": 88, "fields": {"name": "SC Freiburg", "league": 6}}, {"model": "league.team", "pk": 89, "fields": {"name": "RB Leipzig", "league": 6}}, {"model": "league.team", "pk": 90, "fields": {"name": "VfL Wolfsburg", "league": 6}}, {"model": "league.team", "pk": 91, "fields": {"name": "VfB stuttgart", "league": 6}}, {"model": "league.team", "pk": 92, "fields": {"name": "Borussia Monchengladbach", "league": 6}}, {"model": "league.team", "pk": 93, "fields": {"name": "Borussia Dortmund", "league": 6}}, {"model": "league.team", "pk": 94, "fields": {"name": "FC Augsburg", "league": 6}}, {"model": "league.team", "pk": 95, "fields": {"name": "SV Werder Bremen", "league": 6}}, {"model": "league.team", "pk": 96, "fields": {"name": "TSG Hoffenheim", "league": 6}}, {"model": "league.team", "pk": 97, "fields": {"name": "FC Union Berlin", "league": 6}}, {"model": "league.team", "pk": 98, "fields": {"name": "FC St. Pauli", "league": 6}}, {"model": "league.team", "pk": 99, "fields": {"name": "VfL Bochum 1848", "league": 6}}, {"model": "league.team", "pk": 100, "fields": {"name": "Holstein Kiel", "league": 6}}, {"model": "league.team", "pk": 101, "fields": {"name": "FC Heidenheim 1846", "league": 6}}, {"model": "league.team", "pk": 102, "fields": {"name": "FC Koln", "league": 6}}, {"model": "league.team", "pk": 103, "fields": {"name": "SV Darmstadt 98", "league": 6}}, {"model": "league.team", "pk": 104, "fields": {"name": "PSG", "league": 7}}, {"model": "league.team", "pk": 105, "fields": {"name": "OM", "league": 7}}, {"model": "league.team", "pk": 106, "fields": {"name": "OGC Nice", "league": 7}}, {"model": "league.team", "pk": 107, "fields": {"name": "AS Monaco", "league": 7}}, {"model": "league.team", "pk": 108, "fields": {"name": "LOSC", "league": 7}}, {"model": "league.team", "pk": 109, "fields": {"name": "OL", "league": 7}}, {"model": "league.team", "pk": 110, "fields": {"name": "Strasbourg", "league": 7}}, {"model": "league.team", "pk": 111, "fields": {"name": "RC Lens", "league": 7}}, {"model": "league.team", "pk": 112, "fields": {"name": "Brest", "league": 7}}, {"model": "league.team", "pk": 113, "fields": {"name": "Toulouse FC", "league": 7}}, {"model": "league.team", "pk": 114, "fields": {"name": "AJ Auxerre", "league": 7}}, {"model": "league.team", "pk": 115, "fields": {"name": "Rennes", "league": 7}}, {"model": "league.team", "pk": 116, "fields": {"name": "Angers SCO", "league": 7}}, {"model": "league.team", "pk": 117, "fields": {"name": "FC Nantes", "league": 7}}, {"model": "league.team", "pk": 118, "fields": {"name": "Reims", "league": 7}}, {"model": "league.team", "pk": 119, "fields": {"name": "Havre AC", "league": 7}}, {"model": "league.team", "pk": 120, "fields": {"name": "ASSE", "league": 7}}, {"model": "league.team", "pk": 121, "fields": {"name": "Montpellier", "league": 7}}, {"model": "league.team", "pk": 122, "fields": {"name": "FC Lorient", "league": 7}}, {"model": "league.team", "pk": 123, "fields": {"name": "Clermont", "league": 7}}, {"model": "league.team", "pk": 126, "fields": {"name": "Manchester King", "league": 3}}, {"model": "league.team", "pk": 127, "fields": {"name": "Londonfd", "league": 3}}, {"model": "league.selectedteam", "pk": 58, "fields": {"user": 2, "team": 23}}, {"model": "league.selectedteam", "pk": 59, "fields": {"user": 2, "team": 24}}, {"model": "league.selectedteam", "pk": 60, "fields": {"user": 2, "team": 25}}, {"model": "league.selectedteam", "pk": 61, "fields": {"user": 2, "team": 26}}, {"model": "league.selectedteam", "pk": 62, "fields": {"user": 2, "team": 27}}, {"model": "league.selectedteam", "pk": 63, "fields": {"user": 2, "team": 28}}, {"model": "league.selectedteam", "pk": 64, "fields": {"user": 2, "team": 29}}, {"model": "league.selectedteam", "pk": 65, "fields": {"user": 2, "team": 30}}, {"model": "league.selectedteam", "pk": 66, "fields": {"user": 2, "team": 31}}, {"model": "league.selectedteam", "pk": 67, "fields": {"user": 2, "team": 32}}, {"model": "league.selectedteam", "pk": 68, "fields": {"user": 2, "team": 33}}, {"model": "league.selectedteam", "pk": 69, "fields": {"user": 2, "team": 34}}, {"model": "league.selectedteam", "pk": 70, "fields": {"user": 2, "team": 35}}, {"model": "league.selectedteam", "pk": 71, "fields": {"user": 2, "team": 36}}, {"model": "league.selectedteam", "pk": 72, "fields": {"user": 2, "team": 37}}, {"model": "league.selectedteam", "pk": 73, "fields": {"user": 2, "team": 39}}, {"model": "league.selectedteam", "pk": 74, "fields": {"user": 2, "team": 40}}, {"model": "league.selectedteam", "pk": 75, "fields": {"user": 2, "team": 41}}, {"model": "league.player", "pk": 4, "fields": {"name": "Andre Onana", "position": "GK", "team": 23, "age": 20}}, {"model": "league.player", "pk": 5, "fields": {"name": "Matthijs De Ligt", "position": "DF", "team": 23, "age": 19}}, {"model": "admin.logentry", "pk": 1, "fields": {"action_time": "2025-03-12T19:29:45.708Z", "user": 1, "content_type": 1, "object_id": "1", "object_repr": "Premium League", "action_flag": 1, "change_message": "[{\"added\": {}}]"}}, {"model": "admin.logentry", "pk": 2, "fields": {"action_time": "2025-03-12T19:29:56.976Z", "user": 1, "content_type": 1, "object_id": "2", "object_repr": "Serie A", "action_flag": 1, "change_message": "[{\"added\": {}}]"}}, {"model": "admin.logentry", "pk": 3, "fields": {"action_time": "2025-03-12T21:57:14.316Z", "user": 1, "content_type": 2, "object_id": "3", "object_repr": "Team object (3)", "action_flag": 1, "change_message": "[{\"added\": {}}]"}}, {"model": "admin.logentry", "pk": 4, "fields": {"action_time": "2025-03-12T21:57:27.118Z", "user": 1, "content_type": 2, "object_id": "4", "object_repr": "Team object (4)", "action_flag": 1, "change_message": "[{\"added\": {}}]"}}, {"model": "admin.logentry", "pk": 5, "fields": {"action_time": "2025-03-12T22:00:34.564Z", "user": 1, "content_type": 2, "object_id": "4", "object_repr": "Team object (4)", "action_flag": 2, "change_message": "[]"}}, {"model": "admin.logentry", "pk": 6, "fields": {"action_time": "2025-03-12T22:01:09.327Z", "user": 1, "content_type": 3, "object_id": "2", "object_repr": "ONaNa (GK)", "action_flag": 1, "change_message": "[{\"added\": {}}]"}}, {"model": "admin.logentry", "pk": 7, "fields": {"action_time": "2025-03-12T22:31:55.299Z", "user": 1, "content_type": 2, "object_id": "5", "object_repr": "Team object (5)", "action_flag": 1, "change_message": "[{\"added\": {}}]"}}, {"model": "admin.logentry", "pk": 8, "fields": {"action_time": "2025-03-12T22:32:11.233Z", "user": 1, "content_type": 1, "object_id": "2", "object_repr": "Serie A", "action_flag": 3, "change_message": ""}}, {"model": "admin.logentry", "pk": 9, "fields": {"action_time": "2025-03-12T22:32:21.592Z", "user": 1, "content_type": 2, "object_id": "6", "object_repr": "Team object (6)", "action_flag": 1, "change_message": "[{\"added\": {}}]"}}, {"model": "admin.logentry", "pk": 10, "fields": {"action_time": "2025-03-13T16:32:45.461Z", "user": 1, "content_type": 2, "object_id": "8", "object_repr": "Team object (8)", "action_flag": 3, "change_message": ""}}, {"model": "admin.logentry", "pk": 11, "fields": {"action_time": "2025-03-13T19:25:01.855Z", "user": 1, "content_type": 1, "object_id": "1", "object_repr": "Premium League", "action_flag": 3, "change_message": ""}}, {"model": "admin.logentry", "pk": 12, "fields": {"action_time": "2025-03-13T21:07:11.591Z", "user": 1, "content_type": 1, "object_id": "3", "object_repr": "Premier League", "action_flag": 1, "change_message": "[{\"added\": {}}]"}}, {"model": "admin.logentry", "pk": 13, "fields": {"action_time": "2025-03-13T21:07:19.571Z", "user": 1, "content_type": 1, "object_id": "4", "object_repr": "La Liga", "action_flag": 1, "change_message": "[{\"added\": {}}]"}}, {"model": "admin.logentry", "pk": 14, "fields": {"action_time": "2025-03-13T21:07:35.144Z", "user": 1, "content_type": 1, "object_id": "5", "object_repr": "Serie A", "action_flag": 1, "change_message": "[{\"added\": {}}]"}}, {"model": "admin.logentry", "pk": 15, "fields": {"action_time": "2025-03-13T21:07:44.725Z", "user": 1, "content_type": 1, "object_id": "6", "object_repr": "Bundesliga", "action_flag": 1, "change_message": "[{\"added\": {}}]"}}, {"model": "admin.logentry", "pk": 16, "fields": {"action_time": "2025-03-13T21:07:50.185Z", "user": 1, "content_type": 1, "object_id": "7", "object_repr": "Ligue 1", "action_flag": 1, "change_message": "[{\"added\": {}}]"}}, {"model": "admin.logentry", "pk": 17, "fields": {"action_time": "2025-03-13T22:07:06.328Z", "user": 1, "content_type": 2, "object_id": "23", "object_repr": "Manchester United", "action_flag": 1, "change_message": "[{\"added\": {}}]"}}, {"model": "admin.logentry", "pk": 18, "fields": {"action_time": "2025-03-13T22:07:47.854Z", "user": 1, "content_type": 2, "object_id": "24", "object_repr": "Liverpool", "action_flag": 1, "change_message": "[{\"added\": {}}]"}}, {"model": "admin.logentry", "pk": 19, "fields": {"action_time": "2025-03-13T22:07:56.722Z", "user": 1, "content_type": 2, "object_id": "25", "object_repr": "Arsenal", "action_flag": 1, "change_message": "[{\"added\": {}}]"}}, {"model": "admin.logentry", "pk": 20, "fields": {"action_time": "2025-03-13T22:08:09.163Z", "user": 1, "content_type": 2, "object_id": "26", "object_repr": "Nottingham Forest", "action_flag": 1, "change_message": "[{\"added\": {}}]"}}, {"model": "admin.logentry", "pk": 21, "fields": {"action_time": "2025-03-13T22:08:17.817Z", "user": 1, "content_type": 2, "object_id": "27", "object_repr": "Chelsea", "action_flag": 1, "change_message": "[{\"added\": {}}]"}}, {"model": "admin.logentry", "pk": 22, "fields": {"action_time": "2025-03-13T22:08:27.626Z", "user": 1, "content_type": 2, "object_id": "28", "object_repr": "Manchester City", "action_flag": 1, "change_message": "[{\"added\": {}}]"}}, {"model": "admin.logentry", "pk": 23, "fields": {"action_time": "2025-03-13T22:08:37.849Z", "user": 1, "content_type": 2, "object_id": "29", "object_repr": "Newcastle United", "action_flag": 1, "change_message": "[{\"added\": {}}]"}}, {"model": "admin.logentry", "pk": 24, "fields": {"action_time": "2025-03-13T22:08:50.024Z", "user": 1, "content_type": 2, "object_id": "30", "object_repr": "Brighton And Hove Albion", "action_flag": 1, "change_message": "[{\"added\": {}}]"}}, {"model": "admin.logentry", "pk": 25, "fields": {"action_time": "2025-03-13T22:08:58.410Z", "user": 1, "content_type": 2, "object_id": "31", "object_repr": "Aston Villa", "action_flag": 1, "change_message": "[{\"added\": {}}]"}}, {"model": "admin.logentry", "pk": 26, "fields": {"action_time": "2025-03-13T22:09:07.969Z", "user": 1, "content_type": 2, "object_id": "32", "object_repr": "Bournemouth", "action_flag": 1, "change_message": "[{\"added\": {}}]"}}, {"model": "admin.logentry", "pk": 27, "fields": {"action_time": "2025-03-13T22:09:15.486Z", "user": 1, "content_type": 2, "object_id": "33", "object_repr": "Fulham", "action_flag": 1, "change_message": "[{\"added\": {}}]"}}, {"model": "admin.logentry", "pk": 28, "fields": {"action_time": "2025-03-13T22:09:26.468Z", "user": 1, "content_type": 2, "object_id": "34", "object_repr": "Crystal Palace", "action_flag": 1, "change_message": "[{\"added\": {}}]"}}, {"model": "admin.logentry", "pk": 29, "fields": {"action_time": "2025-03-13T22:09:36.417Z", "user": 1, "content_type": 2, "object_id": "35", "object_repr": "Brentford", "action_flag": 1, "change_message": "[{\"added\": {}}]"}}, {"model": "admin.logentry", "pk": 30, "fields": {"action_time": "2025-03-13T22:09:46.135Z", "user": 1, "content_type": 2, "object_id": "36", "object_repr": "Tottenham Hotspur", "action_flag": 1, "change_message": "[{\"added\": {}}]"}}, {"model": "admin.logentry", "pk": 31, "fields": {"action_time": "2025-03-13T22:09:56.958Z", "user": 1, "content_type": 2, "object_id": "37", "object_repr": "Everton", "action_flag": 1, "change_message": "[{\"added\": {}}]"}}, {"model": "admin.logentry", "pk": 32, "fields": {"action_time": "2025-03-13T22:10:06.505Z", "user": 1, "content_type": 2, "object_id": "38", "object_repr": "West Ham United", "action_flag": 1, "change_message": "[{\"added\": {}}]"}}, {"model": "admin.logentry", "pk": 33, "fields": {"action_time": "2025-03-13T22:10:20.789Z", "user": 1, "content_type": 2, "object_id": "39", "object_repr": "Wolverhampton Wanderers", "action_flag": 1, "change_message": "[{\"added\": {}}]"}}, {"model": "admin.logentry", "pk": 34, "fields": {"action_time": "2025-03-13T22:10:33.243Z", "user": 1, "content_type": 2, "object_id": "40", "object_repr": "Ipswich Town", "action_flag": 1, "change_message": "[{\"added\": {}}]"}}, {"model": "admin.logentry", "pk": 35, "fields": {"action_time": "2025-03-13T22:10:42.974Z", "user": 1, "content_type": 2, "object_id": "41", "object_repr": "Leicester City", "action_flag": 1, "change_message": "[{\"added\": {}}]"}}, {"model": "admin.logentry", "pk": 36, "fields": {"action_time": "2025-03-13T22:10:50.422Z", "user": 1, "content_type": 2, "object_id": "42", "object_repr": "Southampton", "action_flag": 1, "change_message": "[{\"added\": {}}]"}}, {"model": "admin.logentry", "pk": 37, "fields": {"action_time": "2025-03-13T22:11:42.384Z", "user": 1, "content_type": 2, "object_id": "43", "object_repr": "FC Barcelona", "action_flag": 1, "change_message": "[{\"added\": {}}]"}}, {"model": "admin.logentry", "pk": 38, "fields": {"action_time": "2025-03-13T22:11:51.580Z", "user": 1, "content_type": 2, "object_id": "44", "object_repr": "Real Madrid", "action_flag": 1, "change_message": "[{\"added\": {}}]"}}, {"model": "admin.logentry", "pk": 39, "fields": {"action_time": "2025-03-14T00:58:58.204Z", "user": 1, "content_type": 2, "object_id": "45", "object_repr": "Atletico De Madrid", "action_flag": 1, "change_message": "[{\"added\": {}}]"}}, {"model": "admin.logentry", "pk": 40, "fields": {"action_time": "2025-03-14T00:59:09.057Z", "user": 1, "content_type": 2, "object_id": "46", "object_repr": "Athletic Club", "action_flag": 1, "change_message": "[{\"added\": {}}]"}}, {"model": "admin.logentry", "pk": 41, "fields": {"action_time": "2025-03-14T00:59:23.543Z", "user": 1, "content_type": 2, "object_id": "47", "object_repr": "Villarreal CF", "action_flag": 1, "change_message": "[{\"added\": {}}]"}}, {"model": "admin.logentry", "pk": 42, "fields": {"action_time": "2025-03-14T00:59:39.952Z", "user": 1, "content_type": 2, "object_id": "48", "object_repr": "Real Betis", "action_flag": 1, "change_message": "[{\"added\": {}}]"}}, {"model": "admin.logentry", "pk": 43, "fields": {"action_time": "2025-03-14T00:59:51.486Z", "user": 1, "content_type": 2, "object_id": "49", "object_repr": "RCD Mallorca", "action_flag": 1, "change_message": "[{\"added\": {}}]"}}, {"model": "admin.logentry", "pk": 44, "fields": {"action_time": "2025-03-14T01:00:09.861Z", "user": 1, "content_type": 2, "object_id": "50", "object_repr": "Rayo Vallecano", "action_flag": 1, "change_message": "[{\"added\": {}}]"}}, {"model": "admin.logentry", "pk": 45, "fields": {"action_time": "2025-03-14T01:00:21.479Z", "user": 1, "content_type": 2, "object_id": "51", "object_repr": "RC Celta", "action_flag": 1, "change_message": "[{\"added\": {}}]"}}, {"model": "admin.logentry", "pk": 46, "fields": {"action_time": "2025-03-14T01:00:29.483Z", "user": 1, "content_type": 2, "object_id": "52", "object_repr": "Sevilla FC", "action_flag": 1, "change_message": "[{\"added\": {}}]"}}, {"model": "admin.logentry", "pk": 47, "fields": {"action_time": "2025-03-14T01:00:41.197Z", "user": 1, "content_type": 2, "object_id": "53", "object_repr": "Sevilla FC", "action_flag": 1, "change_message": "[{\"added\": {}}]"}}, {"model": "admin.logentry", "pk": 48, "fields": {"action_time": "2025-03-14T01:00:48.357Z", "user": 1, "content_type": 2, "object_id": "53", "object_repr": "Sevilla FC", "action_flag": 3, "change_message": ""}}, {"model": "admin.logentry", "pk": 49, "fields": {"action_time": "2025-03-14T01:01:01.050Z", "user": 1, "content_type": 2, "object_id": "54", "object_repr": "Real Sociedad", "action_flag": 1, "change_message": "[{\"added\": {}}]"}}, {"model": "admin.logentry", "pk": 50, "fields": {"action_time": "2025-03-14T01:01:11.186Z", "user": 1, "content_type": 2, "object_id": "55", "object_repr": "Getafe CF", "action_flag": 1, "change_message": "[{\"added\": {}}]"}}, {"model": "admin.logentry", "pk": 51, "fields": {"action_time": "2025-03-14T01:01:21.457Z", "user": 1, "content_type": 2, "object_id": "56", "object_repr": "Girona FC", "action_flag": 1, "change_message": "[{\"added\": {}}]"}}, {"model": "admin.logentry", "pk": 52, "fields": {"action_time": "2025-03-14T01:01:30.811Z", "user": 1, "content_type": 2, "object_id": "57", "object_repr": "CA Osasuna", "action_flag": 1, "change_message": "[{\"added\": {}}]"}}, {"model": "admin.logentry", "pk": 53, "fields": {"action_time": "2025-03-14T01:01:47.990Z", "user": 1, "content_type": 2, "object_id": "58", "object_repr": "RCD Espanyol De Barcelona", "action_flag": 1, "change_message": "[{\"added\": {}}]"}}, {"model": "admin.logentry", "pk": 54, "fields": {"action_time": "2025-03-14T01:01:56.353Z", "user": 1, "content_type": 2, "object_id": "59", "object_repr": "Valencia CF", "action_flag": 1, "change_message": "[{\"added\": {}}]"}}, {"model": "admin.logentry", "pk": 55, "fields": {"action_time": "2025-03-14T01:02:04.876Z", "user": 1, "content_type": 2, "object_id": "60", "object_repr": "CD Leganes", "action_flag": 1, "change_message": "[{\"added\": {}}]"}}, {"model": "admin.logentry", "pk": 56, "fields": {"action_time": "2025-03-14T01:02:17.822Z", "user": 1, "content_type": 2, "object_id": "61", "object_repr": "Deportivo Alaves", "action_flag": 1, "change_message": "[{\"added\": {}}]"}}, {"model": "admin.logentry", "pk": 57, "fields": {"action_time": "2025-03-14T01:02:27.586Z", "user": 1, "content_type": 2, "object_id": "62", "object_repr": "UD Las Palmas", "action_flag": 1, "change_message": "[{\"added\": {}}]"}}, {"model": "admin.logentry", "pk": 58, "fields": {"action_time": "2025-03-14T01:02:37.070Z", "user": 1, "content_type": 2, "object_id": "63", "object_repr": "Real Valladolid CF", "action_flag": 1, "change_message": "[{\"added\": {}}]"}}, {"model": "admin.logentry", "pk": 59, "fields": {"action_time": "2025-03-14T01:03:57.846Z", "user": 1, "content_type": 2, "object_id": "64", "object_repr": "Inter Milan", "action_flag": 1, "change_message": "[{\"added\": {}}]"}}, {"model": "admin.logentry", "pk": 60, "fields": {"action_time": "2025-03-14T01:04:08.792Z", "user": 1, "content_type": 2, "object_id": "65", "object_repr": "Napoli", "action_flag": 1, "change_message": "[{\"added\": {}}]"}}, {"model": "admin.logentry", "pk": 61, "fields": {"action_time": "2025-03-14T01:04:16.718Z", "user": 1, "content_type": 2, "object_id": "66", "object_repr": "Atalanta", "action_flag": 1, "change_message": "[{\"added\": {}}]"}}, {"model": "admin.logentry", "pk": 62, "fields": {"action_time": "2025-03-14T01:04:25.119Z", "user": 1, "content_type": 2, "object_id": "67", "object_repr": "Juventus", "action_flag": 1, "change_message": "[{\"added\": {}}]"}}, {"model": "admin.logentry", "pk": 63, "fields": {"action_time": "2025-03-14T01:44:16.618Z", "user": 1, "content_type": 2, "object_id": "68", "object_repr": "Lazio", "action_flag": 1, "change_message": "[{\"added\": {}}]"}}, {"model": "admin.logentry", "pk": 64, "fields": {"action_time": "2025-03-14T01:44:24.898Z", "user": 1, "content_type": 2, "object_id": "69", "object_repr": "Bologna", "action_flag": 1, "change_message": "[{\"added\": {}}]"}}, {"model": "admin.logentry", "pk": 65, "fields": {"action_time": "2025-03-14T01:44:45.274Z", "user": 1, "content_type": 2, "object_id": "70", "object_repr": "Roma", "action_flag": 1, "change_message": "[{\"added\": {}}]"}}, {"model": "admin.logentry", "pk": 66, "fields": {"action_time": "2025-03-14T01:44:54.493Z", "user": 1, "content_type": 2, "object_id": "71", "object_repr": "Forentina", "action_flag": 1, "change_message": "[{\"added\": {}}]"}}, {"model": "admin.logentry", "pk": 67, "fields": {"action_time": "2025-03-14T01:45:03.578Z", "user": 1, "content_type": 2, "object_id": "72", "object_repr": "AC Milan", "action_flag": 1, "change_message": "[{\"added\": {}}]"}}, {"model": "admin.logentry", "pk": 68, "fields": {"action_time": "2025-03-14T01:45:13.712Z", "user": 1, "content_type": 2, "object_id": "73", "object_repr": "Udinese", "action_flag": 1, "change_message": "[{\"added\": {}}]"}}, {"model": "admin.logentry", "pk": 69, "fields": {"action_time": "2025-03-14T01:45:20.550Z", "user": 1, "content_type": 2, "object_id": "74", "object_repr": "Torino", "action_flag": 1, "change_message": "[{\"added\": {}}]"}}, {"model": "admin.logentry", "pk": 70, "fields": {"action_time": "2025-03-14T01:45:28.392Z", "user": 1, "content_type": 2, "object_id": "75", "object_repr": "Genoa", "action_flag": 1, "change_message": "[{\"added\": {}}]"}}, {"model": "admin.logentry", "pk": 71, "fields": {"action_time": "2025-03-14T01:45:37.053Z", "user": 1, "content_type": 2, "object_id": "76", "object_repr": "Como", "action_flag": 1, "change_message": "[{\"added\": {}}]"}}, {"model": "admin.logentry", "pk": 72, "fields": {"action_time": "2025-03-14T01:45:44.912Z", "user": 1, "content_type": 2, "object_id": "77", "object_repr": "Cagliari", "action_flag": 1, "change_message": "[{\"added\": {}}]"}}, {"model": "admin.logentry", "pk": 73, "fields": {"action_time": "2025-03-14T01:45:51.415Z", "user": 1, "content_type": 2, "object_id": "78", "object_repr": "Verona", "action_flag": 1, "change_message": "[{\"added\": {}}]"}}, {"model": "admin.logentry", "pk": 74, "fields": {"action_time": "2025-03-14T01:45:58.259Z", "user": 1, "content_type": 2, "object_id": "79", "object_repr": "Lecce", "action_flag": 1, "change_message": "[{\"added\": {}}]"}}, {"model": "admin.logentry", "pk": 75, "fields": {"action_time": "2025-03-14T01:46:06.832Z", "user": 1, "content_type": 2, "object_id": "80", "object_repr": "Parma", "action_flag": 1, "change_message": "[{\"added\": {}}]"}}, {"model": "admin.logentry", "pk": 76, "fields": {"action_time": "2025-03-14T01:46:14.482Z", "user": 1, "content_type": 2, "object_id": "81", "object_repr": "Empoli", "action_flag": 1, "change_message": "[{\"added\": {}}]"}}, {"model": "admin.logentry", "pk": 77, "fields": {"action_time": "2025-03-14T01:46:21.574Z", "user": 1, "content_type": 2, "object_id": "82", "object_repr": "Venezia", "action_flag": 1, "change_message": "[{\"added\": {}}]"}}, {"model": "admin.logentry", "pk": 78, "fields": {"action_time": "2025-03-14T01:46:27.948Z", "user": 1, "content_type": 2, "object_id": "83", "object_repr": "Monza", "action_flag": 1, "change_message": "[{\"added\": {}}]"}}, {"model": "admin.logentry", "pk": 79, "fields": {"action_time": "2025-03-14T01:47:05.659Z", "user": 1, "content_type": 2, "object_id": "84", "object_repr": "FC Bayern Munchen", "action_flag": 1, "change_message": "[{\"added\": {}}]"}}, {"model": "admin.logentry", "pk": 80, "fields": {"action_time": "2025-03-14T01:47:16.791Z", "user": 1, "content_type": 2, "object_id": "85", "object_repr": "Bayer 04 Leverkusen", "action_flag": 1, "change_message": "[{\"added\": {}}]"}}, {"model": "admin.logentry", "pk": 81, "fields": {"action_time": "2025-03-14T01:47:28.250Z", "user": 1, "content_type": 2, "object_id": "86", "object_repr": "FSV Mainz 05", "action_flag": 1, "change_message": "[{\"added\": {}}]"}}, {"model": "admin.logentry", "pk": 82, "fields": {"action_time": "2025-03-14T01:47:40.041Z", "user": 1, "content_type": 2, "object_id": "87", "object_repr": "Eintracht Frankfurt", "action_flag": 1, "change_message": "[{\"added\": {}}]"}}, {"model": "admin.logentry", "pk": 83, "fields": {"action_time": "2025-03-14T01:47:49.416Z", "user": 1, "content_type": 2, "object_id": "88", "object_repr": "SC Freiburg", "action_flag": 1, "change_message": "[{\"added\": {}}]"}}, {"model": "admin.logentry", "pk": 84, "fields": {"action_time": "2025-03-14T01:48:06.135Z", "user": 1, "content_type": 2, "object_id": "89", "object_repr": "RB Leipzig", "action_flag": 1, "change_message": "[{\"added\": {}}]"}}, {"model": "admin.logentry", "pk": 85, "fields": {"action_time": "2025-03-14T01:48:21.142Z", "user": 1, "content_type": 2, "object_id": "90", "object_repr": "VfL Wolfsburg", "action_flag": 1, "change_message": "[{\"added\": {}}]"}}, {"model": "admin.logentry", "pk": 86, "fields": {"action_time": "2025-03-14T01:48:36.022Z", "user": 1, "content_type": 2, "object_id": "91", "object_repr": "VfB stuttgart", "action_flag": 1, "change_message": "[{\"added\": {}}]"}}, {"model": "admin.logentry", "pk": 87, "fields": {"action_time": "2025-03-14T01:48:50.333Z", "user": 1, "content_type": 2, "object_id": "92", "object_repr": "Borussia Monchengladbach", "action_flag": 1, "change_message": "[{\"added\": {}}]"}}, {"model": "admin.logentry", "pk": 88, "fields": {"action_time": "2025-03-14T01:49:02.512Z", "user": 1, "content_type": 2, "object_id": "93", "object_repr": "Borussia Dortmund", "action_flag": 1, "change_message": "[{\"added\": {}}]"}}, {"model": "admin.logentry", "pk": 89, "fields": {"action_time": "2025-03-14T01:49:11.238Z", "user": 1, "content_type": 2, "object_id": "94", "object_repr": "FC Augsburg", "action_flag": 1, "change_message": "[{\"added\": {}}]"}}, {"model": "admin.logentry", "pk": 90, "fields": {"action_time": "2025-03-14T01:49:20.124Z", "user": 1, "content_type": 2, "object_id": "95", "object_repr": "SV Werder Bremen", "action_flag": 1, "change_message": "[{\"added\": {}}]"}}, {"model": "admin.logentry", "pk": 91, "fields": {"action_time": "2025-03-14T01:49:29.247Z", "user": 1, "content_type": 2, "object_id": "96", "object_repr": "TSG Hoffenheim", "action_flag": 1, "change_message": "[{\"added\": {}}]"}}, {"model": "admin.logentry", "pk": 92, "fields": {"action_time": "2025-03-14T01:49:39.477Z", "user": 1, "content_type": 2, "object_id": "97", "object_repr": "FC Union Berlin", "action_flag": 1, "change_message": "[{\"added\": {}}]"}}, {"model": "admin.logentry", "pk": 93, "fields": {"action_time": "2025-03-14T01:49:51.470Z", "user": 1, "content_type": 2, "object_id": "98", "object_repr": "FC St. Pauli", "action_flag": 1, "change_message": "[{\"added\": {}}]"}}, {"model": "admin.logentry", "pk": 94, "fields": {"action_time": "2025-03-14T01:50:05.618Z", "user": 1, "content_type": 2, "object_id": "99", "object_repr": "VfL Bochum 1848", "action_flag": 1, "change_message": "[{\"added\": {}}]"}}, {"model": "admin.logentry", "pk": 95, "fields": {"action_time": "2025-03-14T01:50:15.623Z", "user": 1, "content_type": 2, "object_id": "100", "object_repr": "Holstein Kiel", "action_flag": 1, "change_message": "[{\"added\": {}}]"}}, {"model": "admin.logentry", "pk": 96, "fields": {"action_time": "2025-03-14T01:50:26.483Z", "user": 1, "content_type": 2, "object_id": "101", "object_repr": "FC Heidenheim 1846", "action_flag": 1, "change_message": "[{\"added\": {}}]"}}, {"model": "admin.logentry", "pk": 97, "fields": {"action_time": "2025-03-14T01:50:49.159Z", "user": 1, "content_type": 2, "object_id": "102", "object_repr": "FC Koln", "action_flag": 1, "change_message": "[{\"added\": {}}]"}}, {"model": "admin.logentry", "pk": 98, "fields": {"action_time": "2025-03-14T01:50:59.355Z", "user": 1, "content_type": 2, "object_id": "103", "object_repr": "SV Darmstadt 98", "action_flag": 1, "change_message": "[{\"added\": {}}]"}}, {"model": "admin.logentry", "pk": 99, "fields": {"action_time": "2025-03-14T01:53:03.407Z", "user": 1, "content_type": 2, "object_id": "104", "object_repr": "PSG", "action_flag": 1, "change_message": "[{\"added\": {}}]"}}, {"model": "admin.logentry", "pk": 100, "fields": {"action_time": "2025-03-14T01:53:10.466Z", "user": 1, "content_type": 2, "object_id": "105", "object_repr": "OM", "action_flag": 1, "change_message": "[{\"added\": {}}]"}}, {"model": "admin.logentry", "pk": 101, "fields": {"action_time": "2025-03-14T01:53:18.992Z", "user": 1, "content_type": 2, "object_id": "106", "object_repr": "OGC Nice", "action_flag": 1, "change_message": "[{\"added\": {}}]"}}, {"model": "admin.logentry", "pk": 102, "fields": {"action_time": "2025-03-14T01:53:27.178Z", "user": 1, "content_type": 2, "object_id": "107", "object_repr": "AS Monaco", "action_flag": 1, "change_message": "[{\"added\": {}}]"}}, {"model": "admin.logentry", "pk": 103, "fields": {"action_time": "2025-03-14T01:53:36.192Z", "user": 1, "content_type": 2, "object_id": "108", "object_repr": "LOSC", "action_flag": 1, "change_message": "[{\"added\": {}}]"}}, {"model": "admin.logentry", "pk": 104, "fields": {"action_time": "2025-03-14T01:53:42.379Z", "user": 1, "content_type": 2, "object_id": "109", "object_repr": "OL", "action_flag": 1, "change_message": "[{\"added\": {}}]"}}, {"model": "admin.logentry", "pk": 105, "fields": {"action_time": "2025-03-14T01:53:55.178Z", "user": 1, "content_type": 2, "object_id": "110", "object_repr": "Strasbourg", "action_flag": 1, "change_message": "[{\"added\": {}}]"}}, {"model": "admin.logentry", "pk": 106, "fields": {"action_time": "2025-03-14T01:54:02.756Z", "user": 1, "content_type": 2, "object_id": "111", "object_repr": "RC Lens", "action_flag": 1, "change_message": "[{\"added\": {}}]"}}, {"model": "admin.logentry", "pk": 107, "fields": {"action_time": "2025-03-14T01:54:08.959Z", "user": 1, "content_type": 2, "object_id": "112", "object_repr": "Brest", "action_flag": 1, "change_message": "[{\"added\": {}}]"}}, {"model": "admin.logentry", "pk": 108, "fields": {"action_time": "2025-03-14T01:54:17.282Z", "user": 1, "content_type": 2, "object_id": "113", "object_repr": "Toulouse FC", "action_flag": 1, "change_message": "[{\"added\": {}}]"}}, {"model": "admin.logentry", "pk": 109, "fields": {"action_time": "2025-03-14T01:54:26.019Z", "user": 1, "content_type": 2, "object_id": "114", "object_repr": "AJ Auxerre", "action_flag": 1, "change_message": "[{\"added\": {}}]"}}, {"model": "admin.logentry", "pk": 110, "fields": {"action_time": "2025-03-14T01:54:33.626Z", "user": 1, "content_type": 2, "object_id": "115", "object_repr": "Rennes", "action_flag": 1, "change_message": "[{\"added\": {}}]"}}, {"model": "admin.logentry", "pk": 111, "fields": {"action_time": "2025-03-14T01:54:42.444Z", "user": 1, "content_type": 2, "object_id": "116", "object_repr": "Angers SCO", "action_flag": 1, "change_message": "[{\"added\": {}}]"}}, {"model": "admin.logentry", "pk": 112, "fields": {"action_time": "2025-03-14T01:54:54.341Z", "user": 1, "content_type": 2, "object_id": "117", "object_repr": "FC Nantes", "action_flag": 1, "change_message": "[{\"added\": {}}]"}}, {"model": "admin.logentry", "pk": 113, "fields": {"action_time": "2025-03-14T01:55:05.914Z", "user": 1, "content_type": 2, "object_id": "118", "object_repr": "Reims", "action_flag": 1, "change_message": "[{\"added\": {}}]"}}, {"model": "admin.logentry", "pk": 114, "fields": {"action_time": "2025-03-14T01:55:13.554Z", "user": 1, "content_type": 2, "object_id": "119", "object_repr": "Havre AC", "action_flag": 1, "change_message": "[{\"added\": {}}]"}}, {"model": "admin.logentry", "pk": 115, "fields": {"action_time": "2025-03-14T01:55:20.384Z", "user": 1, "content_type": 2, "object_id": "120", "object_repr": "ASSE", "action_flag": 1, "change_message": "[{\"added\": {}}]"}}, {"model": "admin.logentry", "pk": 116, "fields": {"action_time": "2025-03-14T01:55:30.070Z", "user": 1, "content_type": 2, "object_id": "121", "object_repr": "Montpellier", "action_flag": 1, "change_message": "[{\"added\": {}}]"}}, {"model": "admin.logentry", "pk": 117, "fields": {"action_time": "2025-03-14T01:55:52.225Z", "user": 1, "content_type": 2, "object_id": "122", "object_repr": "FC Lorient", "action_flag": 1, "change_message": "[{\"added\": {}}]"}}, {"model": "admin.logentry", "pk": 118, "fields": {"action_time": "2025-03-14T01:56:01.567Z", "user": 1, "content_type": 2, "object_id": "123", "object_repr": "Clermont", "action_flag": 1, "change_message": "[{\"added\": {}}]"}}, {"model": "admin.logentry", "pk": 119, "fields": {"action_time": "2025-03-14T02:05:39.455Z", "user": 1, "content_type": 2, "object_id": "124", "object_repr": "Manchester King", "action_flag": 3, "change_message": ""}}, {"model": "admin.logentry", "pk": 120, "fields": {"action_time": "2025-03-14T02:18:51.154Z", "user": 1, "content_type": 3, "object_id": "4", "object_repr": "Andre Onana (GK)", "action_flag": 1, "change_message": "[{\"added\": {}}]"}}, {"model": "admin.logentry", "pk": 121, "fields": {"action_time": "2025-03-14T02:19:14.685Z", "user": 1, "content_type": 3, "object_id": "5", "object_repr": "Matthijs De Ligt (DF)", "action_flag": 1, "change_message": "[{\"added\": {}}]"}}, {"model": "admin.logentry", "pk": 122, "fields": {"action_time": "2025-03-14T02:23:35.681Z", "user": 1, "content_type": 2, "object_id": "125", "object_repr": "Manchester King", "action_flag": 3, "change_message": ""}}, {"model": "auth.permission", "pk": 1, "fields": {"name": "Can add league", "content_type": 1, "codename": "add_league"}}, {"model": "auth.permission", "pk": 2, "fields": {"name": "Can change league", "content_type": 1, "codename": "change_league"}}, {"model": "auth.permission", "pk": 3, "fields": {"name": "Can delete league", "content_type": 1, "codename": "delete_league"}}, {"model": "auth.permission", "pk": 4, "fields": {"name": "Can view league", "content_type": 1, "codename": "view_league"}}, {"model": "auth.permission", "pk": 5, "fields": {"name": "Can add team", "content_type": 2, "codename": "add_team"}}, {"model": "auth.permission", "pk": 6, "fields": {"name": "Can change team", "content_type": 2, "codename": "change_team"}}, {"model": "auth.permission", "pk": 7, "fields": {"name": "Can delete team", "content_type": 2, "codename": "delete_team"}}, {"model": "auth.permission", "pk": 8, "fields": {"name": "Can view team", "content_type": 2, "codename": "view_team"}}, {"model": "auth.permission", "pk": 9, "fields": {"name": "Can add player", "content_type": 3, "codename": "add_player"}}, {"model": "auth.permission", "pk": 10, "fields": {"name": "Can change player", "content_type": 3, "codename": "change_player"}}, {"model": "auth.permission", "pk": 11, "fields": {"name": "Can delete player", "content_type": 3, "codename": "delete_player"}}, {"model": "auth.permission", "pk": 12, "fields": {"name": "Can view player", "content_type": 3, "codename": "view_player"}}, {"model": "auth.permission", "pk": 13, "fields": {"name": "Can add match", "content_type": 4, "codename": "add_match"}}, {"model": "auth.permission", "pk": 14, "fields": {"name": "Can change match", "content_type": 4, "codename": "change_match"}}, {"model": "auth.permission", "pk": 15, "fields": {"name": "Can delete match", "content_type": 4, "codename": "delete_match"}}, {"model": "auth.permission", "pk": 16, "fields": {"name": "Can view match", "content_type": 4, "codename": "view_match"}}, {"model": "auth.permission", "pk": 17, "fields": {"name": "Can add log entry", "content_type": 5, "codename": "add_logentry"}}, {"model": "auth.permission", "pk": 18, "fields": {"name": "Can change log entry", "content_type": 5, "codename": "change_logentry"}}, {"model": "auth.permission", "pk": 19, "fields": {"name": "Can delete log entry", "content_type": 5, "codename": "delete_logentry"}}, {"model": "auth.permission", "pk": 20, "fields": {"name": "Can view log entry", "content_type": 5, "codename": "view_logentry"}}, {"model": "auth.permission", "pk": 21, "fields": {"name": "Can add permission", "content_type": 6, "codename": "add_permission"}}, {"model": "auth.permission", "pk": 22, "fields": {"name": "Can change permission", "content_type": 6, "codename": "change_permission"}}, {"model": "auth.permission", "pk": 23, "fields": {"name": "Can delete permission", "content_type": 6, "codename": "delete_permission"}}, {"model": "auth.permission", "pk": 24, "fields": {"name": "Can view permission", "content_type": 6, "codename": "view_permission"}}, {"model": "auth.permission", "pk": 25, "fields": {"name": "Can add group", "content_type": 7, "codename": "add_group"}}, {"model": "auth.permission", "pk": 26, "fields": {"name": "Can change group", "content_type": 7, "codename": "change_group"}}, {"model": "auth.permission", "pk": 27, "fields": {"name": "Can delete group", "content_type": 7, "codename": "delete_group"}}, {"model": "auth.permission", "pk": 28, "fields": {"name": "Can view group", "content_type": 7, "codename": "view_group"}}, {"model": "auth.permission", "pk": 29, "fields": {"name": "Can add user", "content_type": 8, "codename": "add_user"}}, {"model": "auth.permission", "pk": 30, "fields": {"name": "Can change user", "content_type": 8, "codename": "change_user"}}, {"model": "auth.permission", "pk": 31, "fields": {"name": "Can delete user", "content_type": 8, "codename": "delete_user"}}, {"model": "auth.permission", "pk": 32, "fields": {"name": "Can view user", "content_type": 8, "codename": "view_user"}}, {"model": "auth.permission", "pk": 33, "fields": {"name": "Can add content type", "content_type": 9, "codename": "add_contenttype"}}, {"model": "auth.permission", "pk": 34, "fields": {"name": "Can change content type", "content_type": 9, "codename": "change_contenttype"}}, {"model": "auth.permission", "pk": 35, "fields": {"name": "Can delete content type", "content_type": 9, "codename": "delete_contenttype"}}, {"model": "auth.permission", "pk": 36, "fields": {"name": "Can view content type", "content_type": 9, "codename": "view_contenttype"}}, {"model": "auth.permission", "pk": 37, "fields": {"name": "Can add session", "content_type": 10, "codename": "add_session"}}, {"model": "auth.permission", "pk": 38, "fields": {"name": "Can change session", "content_type": 10, "codename": "change_session"}}, {"model": "auth.permission", "pk": 39, "fields": {"name": "Can delete session", "content_type": 10, "codename": "delete_session"}}, {"model": "auth.permission", "pk": 40, "fields": {"name": "Can view session", "content_type": 10, "codename": "view_session"}}, {"model": "auth.permission", "pk": 41, "fields": {"name": "Can add user team", "content_type": 11, "codename": "add_userteam"}}, {"model": "auth.permission", "pk": 42, "fields": {"name": "Can change user team", "content_type": 11, "codename": "change_userteam"}}, {"model": "auth.permission", "pk": 43, "fields": {"name": "Can delete user team", "content_type": 11, "codename": "delete_userteam"}}, {"model": "auth.permission", "pk": 44, "fields": {"name": "Can view user team", "content_type": 11, "codename": "view_userteam"}}, {"model": "auth.permission", "pk": 45, "fields": {"name": "Can add selected team", "content_type": 12, "codename": "add_selectedteam"}}, {"model": "auth.permission", "pk": 46, "fields": {"name": "Can change selected team", "content_type": 12, "codename": "change_selectedteam"}}, {"model": "auth.permission", "pk": 47, "fields": {"name": "Can delete selected team", "content_type": 12, "codename": "delete_selectedteam"}}, {"model": "auth.permission", "pk": 48, "fields": {"name": "Can view selected team", "content_type": 12, "codename": "view_selectedteam"}}, {"model": "auth.user", "pk": 1, "fields": {"password": "pbkdf2_sha256$870000$nONC8lfUEpDdIcXlPGSQ7O$qE0OxkkJnSV3lUbEBuU1sa/RXjgC0oPw+nYue1MhopI=", "last_login": "2025-03-14T02:23:18.222Z", "is_superuser": true, "username": "hansol030391", "first_name": "", "last_name": "", "email": "hansol030391@gamil.com", "is_staff": true, "is_active": true, "date_joined": "2025-03-12T18:25:13.986Z", "groups": [], "user_permissions": []}}, {"model": "auth.user", "pk": 2, "fields": {"password": "pbkdf2_sha256$870000$5p6jwuiLZLsoz9kQ8Zbp8R$XSYYPFla86g9X3EeP0AVWFSH7k7VueCdI4dWncNy9O8=", "last_login": "2025-03-14T02:32:49.018Z", "is_superuser": false, "username": "Jessica1025", "first_name": "", "last_name": "", "email": "", "is_staff": false, "is_active": true, "date_joined": "2025-03-13T18:55:57.750Z", "groups": [], "user_permissions": []}}, {"model": "contenttypes.contenttype", "pk": 1, "fields": {"app_label": "league", "model": "league"}}, {"model": "contenttypes.contenttype", "pk": 2, "fields": {"app_label": "league", "model": "team"}}, {"model": "contenttypes.contenttype", "pk": 3, "fields": {"app_label": "league", "model": "player"}}, {"model": "contenttypes.contenttype", "pk": 4, "fields": {"app_label": "league", "model": "match"}}, {"model": "contenttypes.contenttype", "pk": 5, "fields": {"app_label": "admin", "model": "logentry"}}, {"model": "contenttypes.contenttype", "pk": 6, "fields": {"app_label": "auth", "model": "permission"}}, {"model": "contenttypes.contenttype", "pk": 7, "fields": {"app_label": "auth", "model": "group"}}, {"model": "contenttypes.contenttype", "pk": 8, "fields": {"app_label": "auth", "model": "user"}}, {"model": "contenttypes.contenttype", "pk": 9, "fields": {"app_label": "contenttypes", "model": "contenttype"}}, {"model": "contenttypes.contenttype", "pk": 10, "fields": {"app_label": "sessions", "model": "session"}}, {"model": "contenttypes.contenttype", "pk": 11, "fields": {"app_label": "league", "model": "userteam"}}, {"model": "contenttypes.contenttype", "pk": 12, "fields": {"app_label": "league", "model": "selectedteam"}}, {"model": "sessions.session", "pk": "47r07i0ch5x8pdxgvfzeqnisydibq57c", "fields": {"session_data": ".eJxVjMEOwiAQBf-FsyFAgQWP3v0GsiwgVQNJaU_Gf9cmPej1zcx7sYDbWsM28hLmxM5MsdPvFpEeue0g3bHdOqfe1mWOfFf4QQe_9pSfl8P9O6g46rcuNksQyhcjrHVGAwgASFNEKMppRUJqV7B4k7OMNJXokiFS6Elai5q9P8WjN7I:1tsuqv:tkyldhnkeiD-bGUgGWZ1QHOYcs5ktx-GrgH_Ny51zTQ", "expire_date": "2025-03-28T02:32:49.019Z"}}]